{"cameraMode":{"drawMode":0,"name":"Shaded","section":"Shading Mode"},"sceneLighting":true,"audioPlay":false,"sceneViewState":{"showFog":true,"showMaterialUpdate":false,"showSkybox":true,"showFlares":true,"showImageEffects":true,"showParticleSystems":true},"in2DMode":false,"pivot":{"x":4.113637924194336,"y":2.952270030975342,"z":1.127828598022461},"rotation":{"x":-0.07056402415037155,"y":0.49360063672065737,"z":-0.04022018611431122,"w":-0.865906298160553},"size":6.912795543670654,"orthographic":false}